{"cameraMode":{"drawMode":0,"name":"Shaded","section":"Shading Mode"},"sceneLighting":false,"audioPlay":false,"sceneViewState":{"m_AlwaysRefresh":false,"showFog":true,"showSkybox":false,"showFlares":true,"showImageEffects":true,"showParticleSystems":true,"showVisualEffectGraphs":true,"m_FxEnabled":true},"in2DMode":false,"pivot":{"x":0.00041596218943595886,"y":0.07000002264976502,"z":0.015091560781002045},"rotation":{"x":0.04039352387189865,"y":0.5221008062362671,"z":-0.024764807894825937,"w":0.8515684604644775},"size":0.16052304208278657,"orthographic":true}