{"cameraMode":{"drawMode":0,"name":"Shaded","section":"Shading Mode"},"sceneLighting":false,"audioPlay":false,"sceneViewState":{"m_AlwaysRefresh":false,"showFog":true,"showSkybox":false,"showFlares":true,"showImageEffects":true,"showParticleSystems":true,"showVisualEffectGraphs":true,"m_FxEnabled":true},"in2DMode":false,"pivot":{"x":0.2914852499961853,"y":1.2581634521484376,"z":-0.19000013172626496},"rotation":{"x":0.26767876744270327,"y":0.4650770425796509,"z":-0.14991317689418794,"w":0.8304744362831116},"size":0.07958155125379563,"orthographic":false}